City_ID,City,Lat,Lng,Max Temp,Humidity,Cloudiness,Wind Speed,Country,Date
0,winslow,35.0242,-110.6974,9.1,15,0,3.6,Winslow,1679963334
1,takoradi,4.8845,-1.7554,26.2,85,91,3.21,Takoradze,1679963602
2,bredasdorp,-34.5322,20.0403,14.93,71,9,1.25,Bredasdorp,1679963070
3,busselton,-33.65,115.3333,14.55,74,0,4.33,Busselton,1679963069
4,qaanaaq,77.484,-69.3632,-23.91,62,34,2.96,Qaanaaq,1679963235
5,san rafael,-34.6177,-68.3301,25.35,49,0,6.12,San Rafael,1679963347
6,bonavista,48.6499,-53.1147,-0.57,94,97,9.79,Bonavista,1679963608
7,nome,64.5011,-165.4064,-6.58,86,100,9.77,Nome,1679963151
8,mataura,-46.1927,168.8643,10.27,68,55,4.05,Mataura,1679963028
9,aswan,24.0934,32.907,19.61,26,0,4.12,Aswān,1679963612
10,cabo san lucas,22.8909,-109.9124,24.61,57,75,1.54,Cabo San Lucas,1679963107
11,nioro,13.35,-15.75,28.4,18,6,6.29,Nioro,1679963499
12,pevek,69.7008,170.3133,-18.89,78,59,6.84,Pevek,1679963209
13,vao,-22.6667,167.4833,25.13,81,100,7.17,Vao,1679963617
14,dikson,73.5069,80.5464,-27.45,100,100,4.17,Dikson,1679963040
15,pueblo nuevo,23.3833,-105.3833,14.61,31,20,1.72,Pueblo Nuevo,1679963619
16,teguldet,57.3064,88.1667,0.97,99,100,2.73,Tegul'det,1679963620
17,butaritari,3.0707,172.7902,27.68,79,48,6.95,Butaritari,1679963160
18,rikitea,-23.1203,-134.9692,26.53,78,69,6.39,Rikitea,1679963109
19,vaini,-21.2,-175.2,24.09,100,75,5.14,Vaini,1679963167
20,bobon,12.5246,124.5636,28.29,72,100,3.96,Bobon,1679963625
21,atuona,-9.8,-139.0333,27.02,75,99,5.06,Atuona,1679963049
22,qasigiannguit,68.8193,-51.1922,-14.86,97,17,2.36,Qasigiannguit,1679963627
23,ushuaia,-54.8,-68.3,1.81,93,100,8.75,Ushuaia,1679962905
24,nikolskoye,59.7035,30.7861,-1.06,96,100,0.51,Nikolskoye,1679963147
25,san patricio,28.017,-97.5169,25.86,84,54,3.94,San Patricio,1679963492
26,birao,10.2849,22.7882,24.11,27,87,1.86,Birao,1679963632
27,taft,31.7471,54.2088,11.97,44,20,0.0,Taft,1679963633
28,moose factory,51.2585,-80.6094,-12.0,78,0,2.57,Moose Factory,1679963634
29,varberg,57.1056,12.2508,-2.19,76,21,6.36,Varberg,1679963636
30,cape town,-33.9258,18.4232,19.1,67,0,1.03,Cape Town,1679962894
31,les cayes,18.2,-73.75,23.91,78,3,3.46,Les Cayes,1679963638
32,paamiut,61.994,-49.6678,-9.46,81,11,3.22,Paamiut,1679963522
33,teguise,29.0605,-13.564,16.12,88,20,8.23,Teguise,1679963574
34,praia da vitoria,38.7333,-27.0667,16.14,72,40,10.8,Praia da Vitória,1679963343
35,avarua,-21.2078,-159.775,28.03,78,75,5.14,Avarua,1679963066
36,hithadhoo,-0.6,73.0833,28.14,75,94,4.51,Hithadhoo,1679963060
37,horsham,51.064,-0.3272,7.74,73,20,2.57,Horsham,1679963645
38,hobart,-42.8794,147.3294,14.03,93,75,0.0,Hobart,1679962788
39,linares,-35.85,-71.6,16.07,32,0,2.06,Linares,1679963606
40,santa helena,-2.2311,-45.3,22.93,98,74,0.97,Santa Helena,1679963649
41,kodiak,57.79,-152.4072,5.73,70,0,3.09,Saint Paul Harbor,1679963461
42,thompson,55.7435,-97.8558,-12.91,52,75,4.12,Thompson,1679963238
43,puerto ayora,-0.7393,-90.3518,26.42,94,17,1.34,Puerto Ayora,1679963653
44,saskylakh,71.9167,114.0833,-27.44,98,97,3.18,Saskylakh,1679963536
45,jamestown,42.097,-79.2353,3.62,97,100,4.63,Jamestown,1679962982
46,puli,23.9664,120.9695,18.45,81,36,1.85,Puli,1679963657
47,ayorou,14.7308,0.9174,27.79,14,9,4.75,Ayorou,1679963658
48,charagua,-19.8,-63.2167,19.91,92,22,2.78,Charagua,1679963660
49,victoria,22.2855,114.1577,19.03,90,100,4.92,Hong Kong,1679963104
50,mountain home,43.133,-115.6912,7.46,42,0,8.23,Mountain Home,1679963435
51,mamallapuram,12.6264,80.1722,28.03,75,100,3.62,Mahabalipuram,1679963664
52,montague,42.5356,-72.5351,8.43,82,100,2.13,Montague,1679963665
53,bluff,-46.6,168.3333,10.45,54,68,9.58,Bluff,1679963271
54,olonets,60.9847,32.9698,-4.8,91,99,4.37,Olonets,1679963667
55,bambous virieux,-20.3428,57.7575,23.45,94,20,1.54,Bambous Virieux,1679963202
56,cubuk,40.2386,33.0322,12.86,58,0,4.12,Çubuk,1679963670
57,torbay,47.6666,-52.7314,1.43,94,100,7.72,Torbay,1679963077
58,ornskoldsvik,63.2909,18.7153,-6.47,58,100,4.63,Örnsköldsvik,1679963672
59,harper,4.375,-7.7169,25.95,88,100,1.84,Harper,1679963484
60,axim,4.8699,-2.2405,26.28,85,99,2.73,Esim,1679963674
61,christchurch,-43.5333,172.6333,8.84,88,100,8.75,Christchurch,1679963625
62,guangyuan,32.442,105.823,13.17,82,100,0.46,Guangyuan,1679963677
63,arraial do cabo,-22.9661,-42.0278,22.98,94,100,1.54,Arraial do Cabo,1679963300
64,hermanus,-34.4187,19.2345,13.78,63,0,2.52,Hermanus,1679963679
65,conakry,9.538,-13.6773,24.97,78,100,3.15,Conakry,1679963680
66,egvekinot,66.3167,-179.1667,-23.86,94,100,2.37,Egvekinot,1679963682
67,khatanga,71.9667,102.5,-29.59,99,100,3.21,Khatanga,1679963153
68,shache,38.4167,77.2406,11.51,21,4,2.9,Shache,1679963684
69,guerrero negro,27.9769,-114.0611,19.92,39,17,7.31,Guerrero Negro,1679963644
70,wokha,26.1,94.2667,11.08,88,0,1.13,Wokha,1679963686
71,russell,32.3502,-85.1999,22.57,100,0,0.0,Russell,1679963440
72,tuscaloosa,33.2098,-87.5692,23.88,41,0,2.06,Tuscaloosa,1679963653
73,saint-philippe,-21.3585,55.7679,22.77,76,26,0.9,Saint-Philippe,1679963339
74,ponta do sol,32.6667,-17.1,19.51,51,2,2.14,Ponta do Sol,1679963691
75,provideniya,64.3833,-173.3,-12.94,61,20,7.15,Provideniya,1679963284
76,san jose,37.3394,-121.895,18.55,36,40,5.66,San Jose,1679963479
77,ribeira grande,38.5167,-28.7,16.54,83,26,10.73,Ribeira Grande,1679963257
78,raga,8.4596,25.678,28.55,37,84,2.45,Raja,1679963473
79,chara,56.9064,118.2631,0.12,67,50,1.05,Chara,1679963531
80,young,-32.6833,-57.6333,17.21,59,100,2.53,Young,1679963698
81,kysyl-syr,63.8986,122.7617,-4.67,91,99,4.95,Kysyl-Syr,1679963699
82,east london,-33.0153,27.9116,16.11,69,52,5.76,East London,1679963311
83,porto velho,-8.7619,-63.9039,26.03,83,20,1.54,Porto Velho,1679963702
84,hamilton,39.1834,-84.5333,9.35,75,20,4.12,Hamilton,1679963614
85,kristiansund,63.1115,7.732,-3.64,74,7,1.54,Kristiansund,1679963705
86,bethel,41.3712,-73.414,6.68,83,100,1.54,Bethel,1679963369
87,port elizabeth,-33.918,25.5701,16.16,82,0,6.17,Port Elizabeth,1679963707
88,kafue,-15.7691,28.1814,16.96,96,13,2.31,Kafue,1679963708
89,surgut,61.25,73.4167,-5.9,85,100,10.0,Surgut,1679963710
90,laranjeiras do sul,-25.4078,-52.4161,16.9,89,0,1.46,Laranjeiras do Sul,1679963711
91,kalangala,-0.3089,32.225,21.64,74,99,2.35,Kalangala,1679963713
92,bereda,43.2686,-7.5406,9.76,87,13,0.82,Bereda,1679963714
93,karratha,-20.7377,116.8463,29.08,66,100,1.66,Karratha,1679963715
94,ilulissat,69.2167,-51.1,-14.99,92,75,3.09,Ilulissat,1679963233
95,touros,-5.1989,-35.4608,25.32,86,69,4.03,Touros,1679963718
96,hofn,64.2539,-15.2082,-5.95,86,100,4.72,Hofn,1679963305
97,coahuayana,18.7333,-103.6833,23.06,76,11,1.59,Coahuayana Viejo,1679963720
98,dzerzhinsk,56.2389,43.4631,3.9,93,40,1.0,Dzerzhinsk,1679963722
99,port alfred,-33.5906,26.891,16.77,78,97,1.34,Port Alfred,1679963255
100,albany,42.6001,-73.9662,5.53,85,100,2.18,Albany,1679963724
101,high level,58.5169,-117.136,-1.94,46,0,2.06,High Level,1679963707
102,polangi,11.5265,124.9212,28.57,69,91,2.73,Polangi,1679963728
103,saint george,37.1041,-113.5841,13.02,15,0,2.57,Saint George,1679963271
104,anjozorobe,-18.4,47.8667,17.69,96,98,0.61,Anjozorobe,1679963730
105,kargasok,59.0556,80.8572,-0.91,98,100,5.76,Kargasok,1679963732
106,challapata,-18.9,-66.7667,11.2,63,89,2.31,Challapata,1679963733
107,lata,40.1629,-8.3327,11.07,58,94,1.34,Lata,1679963317
108,kadoma,34.7333,135.5833,12.88,55,0,1.03,Kadoma,1679963736
109,richards bay,-28.783,32.0377,19.23,66,100,1.57,Richards Bay,1679963737
110,rawson,-43.3002,-65.1023,24.63,24,100,8.54,Rawson,1679963470
111,luganville,-15.5333,167.1667,29.96,65,26,1.29,Luganville,1679963740
112,mayo,38.8876,-76.5119,14.11,80,40,2.06,Mayo,1679963741
113,klaksvik,62.2266,-6.589,-2.49,75,77,4.12,Klaksvík,1679963206
114,kemin,42.7846,75.6892,8.61,40,5,2.42,Kemin,1679963744
115,san policarpo,12.1791,125.5072,27.41,79,100,5.11,San Policarpo,1679963745
116,isangel,-19.55,169.2667,29.06,79,20,2.06,Isangel,1679963279
117,dicabisagan,17.0818,122.4157,26.98,73,11,1.99,Dicabisagan,1679963748
118,oranjemund,-28.55,16.4333,17.91,82,0,3.02,Oranjemund,1679963747
119,leningradskiy,69.3833,178.4167,-15.41,77,48,3.02,Leningradskiy,1679963241
120,srednekolymsk,67.45,153.6833,-9.76,75,1,6.04,Srednekolymsk,1679963751
121,punta arenas,-53.15,-70.9167,3.06,81,0,7.72,Punta Arenas,1679963572
122,pasni,25.2631,63.471,23.01,77,4,3.12,Pasni,1679963754
123,hammerfest,70.6634,23.6821,-6.75,93,40,0.51,Hammerfest,1679963755
124,dingle,10.9995,122.6711,27.88,68,100,5.02,Dingle,1679963757
125,mogadishu,2.0371,45.3438,27.41,73,11,5.61,Mogadishu,1679963677
126,wagar,16.1525,36.2032,21.62,58,0,5.68,Wagar,1679963759
127,carnarvon,-24.8667,113.6333,23.67,76,100,4.04,Carnarvon,1679963213
128,denpasar,-8.65,115.2167,26.81,88,20,2.57,Denpasar,1679963762
129,hamirpur,25.95,80.15,21.64,34,40,0.7,Hamīrpur,1679963763
130,souillac,-20.5167,57.5167,22.21,94,20,1.54,Souillac,1679963455
131,zlotoryja,51.1264,15.9198,0.53,85,95,8.19,Złotoryja,1679963766
132,roald,62.5833,6.1333,-0.69,64,3,6.17,Roald,1679963767
133,awjilah,29.1081,21.2869,19.51,27,0,4.38,Awjilah,1679963769
134,goderich,43.7501,-81.7165,2.73,87,100,3.6,Goderich,1679963770
135,lewistown,40.5992,-77.5714,11.67,62,75,4.63,Lewistown,1679963727
136,bengkulu,-3.8004,102.2655,25.94,79,100,1.5,Bengkulu,1679963467
137,hilo,19.7297,-155.09,28.49,78,100,7.2,Hilo,1679963774
138,buraydah,26.326,43.975,15.25,41,11,3.3,Buraidah,1679963268
139,kalabo,-14.97,22.6814,18.24,93,43,1.67,Kalabo,1679963777
140,shitanjing,39.2342,106.3439,10.64,11,76,2.05,Shitanjing,1679963778
141,morondava,-20.2833,44.2833,23.74,80,36,4.63,Morondava,1679963779
142,nizhnyaya poyma,56.1622,97.1933,3.01,84,100,6.52,Nizhnyaya Poyma,1679963781
143,parys,48.8534,2.3488,5.88,70,0,2.57,Paris,1679963497
144,rio gallegos,-51.6226,-69.2181,4.03,75,20,9.26,Río Gallegos,1679963029
145,ranot,7.7777,100.3213,28.42,73,80,4.2,Ranot,1679963784
146,saldanha,-33.0117,17.9442,14.03,69,1,5.29,Saldanha,1679963207
147,garowe,8.4054,48.4845,24.08,81,52,4.68,Garoowe,1679963787
148,ormara,25.2088,64.6357,23.2,70,0,4.04,Ormara,1679963788
149,mantua,45.1667,10.7833,9.08,54,7,1.34,Province of Mantua,1679963790
150,mujiayingzi,42.1167,118.7833,8.86,18,0,3.07,Mujiayingzi,1679963791
151,melendugno,40.2747,18.3368,10.59,81,0,6.17,Melendugno,1679963792
152,pisco,-13.7,-76.2167,23.03,83,40,6.17,Pisco,1679963794
153,longyearbyen,78.2186,15.6401,-13.09,66,40,2.06,Longyearbyen,1679963462
154,bathsheba,13.2167,-59.5167,26.34,69,40,8.23,Bathsheba,1679963375
155,pangnirtung,66.1451,-65.7125,-11.0,79,100,2.57,Pangnirtung,1679963797
156,hirtshals,57.5881,9.9592,0.04,54,8,5.47,Hirtshals,1679963799
157,weligama,5.9667,80.4167,24.54,91,59,1.77,Weligama,1679963800
158,ahipara,-35.1667,173.1667,20.97,61,93,3.09,Ahipara,1679963221
159,beatrice,40.2681,-96.747,5.1,48,100,4.63,Beatrice,1679963803
160,anloga,5.7947,0.8973,28.04,74,78,4.27,Anloga,1679963804
161,sanger,36.708,-119.556,18.96,32,0,4.63,Sanger,1679963805
162,iralaya,15.0,-83.2333,25.62,82,26,6.11,Iralaya,1679963807
163,meadow lake,34.8014,-106.5436,8.31,14,3,8.64,Meadow Lake,1679963808
164,chuy,-33.6971,-53.4616,17.67,74,0,3.47,Chui,1679963230
165,port lincoln,-34.7333,135.8667,20.77,55,4,5.34,Port Lincoln,1679963515
166,cabedelo,-6.9811,-34.8339,26.37,74,100,3.95,Cabedelo,1679963811
167,batagay-alyta,67.8006,130.4114,-14.97,87,100,0.84,Batagay-Alyta,1679963512
168,canaries,28.0,-15.5,16.33,64,0,8.23,Canary Islands,1679963814
169,baiyin,36.5583,104.2081,8.46,27,100,1.02,Baiyin,1679963815
170,khandyga,62.6667,135.6,-1.84,77,100,6.33,Khandyga,1679963816
171,yamada,39.4667,141.95,6.6,74,98,2.48,Yamada,1679963818
172,mahebourg,-20.4081,57.7,24.03,94,20,1.54,Mahébourg,1679963819
173,baruun-urt,46.6806,113.2792,4.38,34,0,3.26,Baruun-Urt,1679963820
174,bud,39.447,-86.1758,6.49,89,100,2.62,Bud,1679963822
175,kavieng,-2.5744,150.7967,29.38,64,70,2.2,Kavieng,1679963267
176,pacific grove,36.6177,-121.9166,14.8,62,0,6.69,Pacific Grove,1679963618
177,tuktoyaktuk,69.4541,-133.0374,-2.0,86,75,5.66,Tuktoyaktuk,1679963825
178,inhambane,-23.865,35.3833,23.73,56,100,6.44,Inhambane,1679963827
179,valparaiso,-33.0393,-71.6273,18.89,61,0,0.51,Valparaíso,1679963744
180,portland,45.5234,-122.6762,13.23,46,100,4.63,Portland,1679963546
181,vanimo,-2.6741,141.3028,29.77,65,59,2.25,Vanimo,1679963831
182,palmer,42.1584,-72.3287,8.28,78,100,4.63,Palmer,1679963633
183,new norfolk,-42.7826,147.0587,13.84,80,100,0.45,New Norfolk,1679963834
184,ancud,-41.8697,-73.8203,10.41,87,15,4.48,Ancud,1679963442
185,walvis bay,-22.9575,14.5053,16.38,92,5,1.25,Walvis Bay,1679963427
186,cayenne,4.9333,-52.3333,25.02,83,40,2.06,Cayenne,1679963511
187,alofi,-19.0595,-169.9187,28.94,79,75,3.09,Alofi,1679963839
188,tasiilaq,65.6145,-37.6368,-7.91,76,51,2.98,Tasiilaq,1679963244
189,oistins,13.0667,-59.5333,26.05,69,40,8.23,Oistins,1679963842
190,juegang,32.3174,121.1855,13.28,52,78,2.54,Juegang,1679963843
191,salalah,17.0151,54.0924,28.05,78,75,3.6,Salalah,1679963845
192,aklavik,68.2191,-135.0107,2.64,84,100,3.1,Aklavik,1679963846
193,zhanakorgan,43.9098,67.2495,13.3,26,0,3.1,Zhanakorgan,1679963848
194,porto walter,-8.2686,-72.7439,22.2,99,78,0.4,Porto Walter,1679963849
195,pincher creek,49.4833,-113.952,-4.94,87,100,4.12,Pincher Creek,1679963851
196,udachnyy,66.4167,112.4,-20.56,94,27,2.56,Udachny,1679963852
197,tocopilla,-22.092,-70.1979,21.65,80,24,1.33,Tocopilla,1679963513
198,san miguel el alto,21.0167,-102.35,23.92,16,100,3.88,San Miguel el Alto,1679963855
199,jutai,-5.1833,-68.9,22.99,94,97,0.97,Jutaí,1679963856
200,cururupu,-1.8283,-44.8683,23.25,95,42,0.55,Cururupu,1679963857
201,chokurdakh,70.6333,147.9167,-15.48,91,68,3.67,Chokurdakh,1679963859
202,tuatapere,-46.1333,167.6833,8.88,72,90,5.22,Tuatapere,1679963282
203,alice town,25.7167,-79.3,25.03,75,0,4.11,Alice Town,1679963861
204,saint anthony,45.0205,-93.218,1.81,49,0,5.66,Saint Anthony,1679963862
205,sao filipe,14.8961,-24.4956,22.92,76,0,3.42,São Filipe,1679963489
206,margate,51.3813,1.3862,5.73,74,66,1.34,Margate,1679963815
207,shingu,33.7333,135.9833,15.9,41,100,0.57,Shingū,1679963510
208,castro,-24.7911,-50.0119,15.16,98,3,2.98,Castro,1679963867
209,atambua,-9.1061,124.8925,26.71,73,100,0.62,Atambua,1679963869
210,villazon,-22.0866,-65.5942,12.09,70,100,1.11,Villazón,1679963870
211,cherskiy,68.75,161.3,-14.08,75,7,9.04,Cherskiy,1679963345
212,arman,59.7,150.1667,-8.32,80,8,1.2,Arman',1679963873
213,lorengau,-2.0226,147.2712,29.33,69,91,2.08,Lorengau,1679963874
214,pathein,16.7833,94.7333,25.86,72,0,2.41,Pathein,1679963875
215,yellowknife,62.456,-114.3525,-12.71,47,20,3.09,Yellowknife,1679963779
216,bay roberts,47.5999,-53.2648,1.85,92,100,1.79,Bay Roberts,1679963878
217,kubanskiy,45.9292,40.5806,6.42,93,56,2.81,Kubanskiy,1679963879
218,verkhnevilyuysk,63.4453,120.3167,-4.21,89,99,3.69,Verkhnevilyuysk,1679963880
219,bambanglipuro,-7.95,110.2833,27.04,74,88,1.22,Bambanglipuro,1679963881
220,vila franca do campo,37.7167,-25.4333,16.23,90,20,6.07,Vila Franca do Campo,1679963883
221,maniitsoq,65.4167,-52.9,-10.88,76,2,3.52,Maniitsoq,1679963885
222,maningrida,-12.0667,134.2667,29.03,60,86,4.75,Maningrida,1679963840
223,sarakhs,36.5449,61.1577,18.92,42,42,3.02,Sarakhs,1679963887
224,kondinskoye,59.6481,67.41,3.76,90,100,5.84,Kondinskoye,1679963889
225,slatina,44.4333,24.3667,5.8,67,77,11.06,Slatina,1679963890
226,te anau,-45.4167,167.7167,6.84,81,50,3.07,Te Anau,1679963892
227,sovetskiy,61.3614,63.5842,-1.05,99,100,1.07,Sovetskiy,1679963893
228,guerrero,17.6667,-100.0,23.2,47,16,2.87,Guerrero,1679963895
229,tautira,-17.7333,-149.15,27.02,75,98,2.48,Tautira,1679963896
230,waingapu,-9.6567,120.2641,27.66,73,100,0.79,Waingapu,1679963898
231,shubarshi,48.5872,57.1869,8.63,50,6,4.61,Shubarshi,1679963899
232,westport,41.1415,-73.3579,7.72,86,100,4.12,Westport,1679963447
233,hearst,49.6835,-83.6665,-3.86,97,68,1.67,Hearst,1679963902
234,ossora,59.2353,163.0719,-5.0,94,100,2.7,Ossora,1679963903
235,svetlogorsk,52.6333,29.7333,7.82,78,100,6.54,Forsytheganj,1679963904
236,pirapora,-17.345,-44.9419,25.54,47,47,1.88,Pirapora,1679963697
237,sorland,67.667,12.6934,-1.08,58,31,3.6,Sørland,1679963907
238,pemangkat,1.1667,108.9667,25.73,79,83,2.84,Pemangkat,1679963909
239,medicine hat,50.0501,-110.6683,-3.76,67,75,2.57,Medicine Hat,1679963911
240,talaya,61.3833,152.75,-12.36,68,16,0.54,Talaya,1679963912
241,talcahuano,-36.7167,-73.1167,12.82,82,0,2.57,Talcahuano,1679963914
242,barcelos,41.5388,-8.6151,14.95,67,52,2.19,Barcelos,1679963456
243,aksum,14.1245,38.7244,13.16,40,41,0.76,Axum,1679963916
244,oum hadjer,13.2954,19.6966,26.35,19,100,5.99,Umm Hājar,1679963917
245,mazyr,52.0495,29.2456,7.83,85,100,5.54,Mazyr,1679963919
246,champasak,14.75,106.0,27.49,61,14,1.77,Champasak,1679963920
247,katsuura,35.1333,140.3,10.01,82,100,7.96,Katsuura,1679963921
248,constitucion,-35.3333,-72.4167,12.97,83,3,8.25,Constitución,1679963335
249,alekseyevsk,57.8406,108.3492,1.08,91,100,6.88,Alekseyevsk,1679963924
250,tiksi,71.6872,128.8694,-20.3,94,73,3.73,Tiksi,1679963502
251,bambui,-20.0064,-45.9769,21.78,72,4,1.17,Bambuí,1679963926
252,shenkursk,62.1091,42.896,-8.67,96,100,2.89,Shenkursk,1679963928
253,lebu,-37.6167,-73.65,13.44,87,0,1.89,Lebu,1679963463
254,port hardy,50.6996,-127.4199,10.1,46,20,4.63,Port Hardy,1679963330
255,kapaa,22.0752,-159.319,27.18,80,20,5.14,Kapaa,1679963932
256,pishva,35.308,51.7267,13.21,65,5,1.94,Pīshvā,1679963934
257,barra patuca,15.8,-84.2833,26.37,78,0,6.63,Barra Patuca,1679963935
258,vanavara,60.34,102.2797,-5.3,79,80,7.68,Vanavara,1679963353
259,barrow,71.2906,-156.7887,-11.99,67,75,10.29,Barrow,1679963937
260,moba,33.2288,105.0179,6.05,80,100,0.97,Moba,1679963939
261,iqaluit,63.7506,-68.5145,-8.15,86,100,4.12,Iqaluit,1679963940
262,malakal,9.5334,31.6605,26.36,24,100,2.44,Malakal,1679963941
263,kautokeino,69.0125,23.0412,-22.88,100,35,0.98,Kautokeino,1679963943
264,aykhal,66.0,111.5,-18.48,88,61,3.52,Aykhal,1679963944
265,kahului,20.8947,-156.47,29.01,51,0,4.63,Kahului,1679963756
266,yumen,40.2833,97.2,8.95,14,6,1.26,Yumen,1679963947
267,vardo,70.3705,31.1107,-9.01,86,100,8.75,Vardø,1679963948
268,zhezkazgan,47.8043,67.7144,1.99,87,0,6.0,Zhezkazgan,1679963950
269,asau,46.4333,26.4,5.71,85,100,1.17,Asău,1679963367
270,riyadh,24.6877,46.7219,16.08,36,0,2.59,Riyadh,1679963887
271,nanortalik,60.1432,-45.2371,-2.82,77,4,2.03,Nanortalik,1679963953
272,kailua,21.4022,-157.7394,28.99,76,40,4.63,Kailua,1679963955
273,laguna,38.421,-121.4238,17.4,35,0,5.14,Laguna,1679963956
274,yanam,16.7333,82.2167,24.78,88,100,1.13,Yanam,1679963958
275,alghero,40.5589,8.3181,11.05,66,0,2.57,Alghero,1679963959
276,gumdag,39.2061,54.5906,17.31,62,100,3.26,Gumdag,1679963961
277,puerto gaitan,4.3133,-72.0816,29.87,44,57,3.43,Puerto Gaitán,1679963962
278,latisana,45.7792,13.0,6.53,57,0,2.43,Latisana,1679963964
279,mehamn,71.0357,27.8492,-3.03,59,100,5.14,Mehamn,1679963966
280,mar del plata,-38.0023,-57.5575,19.49,74,0,5.14,Mar del Plata,1679963752
281,pinawa,50.1489,-95.8811,-12.99,87,25,1.52,Pinawa,1679963968
282,barrhead,55.7992,-4.3929,5.92,86,100,3.09,Barrhead,1679963970
283,neuquen,-38.9516,-68.0591,24.94,29,0,1.03,Neuquén,1679963954
284,ballina,-28.8667,153.5667,29.32,64,100,0.99,Ballina,1679963959
285,mandalay,21.9747,96.0836,28.29,35,3,2.48,Mandalay,1679963974
286,ciudad guayana,8.3533,-62.6528,26.96,71,99,4.75,Ciudad Guayana,1679963975
287,bombay,19.0144,72.8479,24.99,83,20,2.06,Mumbai,1679963876
288,san-pedro,4.7485,-6.6363,25.52,91,85,1.8,San-Pédro,1679963977
289,high rock,26.6208,-78.2833,25.01,73,100,3.22,High Rock,1679963434
290,tevaitoa,-16.7833,-151.5,27.8,72,100,3.69,Tevaitoa,1679963980
291,ploemeur,47.7333,-3.4333,10.46,93,0,3.09,Ploemeur,1679963981
292,clyde river,70.4692,-68.5914,-27.87,76,0,1.03,Clyde River,1679963921
293,geraldton,-28.7667,114.6,23.23,60,75,8.23,Geraldton,1679963984
294,cabadiangan,9.7531,122.4739,29.48,63,100,4.35,Cabadiangan,1679963985
295,taoudenni,22.6783,-3.9836,30.03,13,97,3.87,Taoudenni,1679963987
296,kaitangata,-46.2817,169.8464,10.14,55,44,7.66,Kaitangata,1679963988
297,camargo,27.6667,-105.1667,24.49,11,79,6.04,Camargo,1679963989
298,floro,61.5996,5.0328,0.98,60,20,5.66,Florø,1679963990
299,hasaki,35.7333,140.8333,10.68,68,100,8.99,Hasaki,1679963992
300,urucara,-2.5364,-57.76,23.43,97,100,0.47,Urucará,1679963993
301,taltal,-25.4,-70.4833,19.93,84,38,1.66,Taltal,1679963994
302,alberton,46.8168,-64.0654,-0.93,96,26,2.43,Alberton,1679963996
303,kruisfontein,-34.0033,24.7314,12.16,78,30,2.57,Kruisfontein,1679963488
304,georgetown,5.4112,100.3354,26.96,97,20,2.06,George Town,1679963799
305,faanui,-16.4833,-151.75,27.95,69,100,4.18,Faanui,1679963999
306,nemuro,43.3236,145.575,3.09,71,1,4.31,Nemuro,1679964000
307,jaleswar,26.6471,85.8008,21.74,29,0,1.93,Jaleshwar,1679964002
308,turayf,31.6725,38.6637,10.14,81,0,2.57,Turaif,1679964003
309,say,13.1007,2.3689,31.31,19,11,3.71,Say,1679964005
310,upernavik,72.7868,-56.1549,-28.75,97,43,3.39,Upernavik,1679964006
311,koraput,18.8167,82.7167,21.49,54,5,1.08,Korāput,1679964008
312,santa rosalia,27.3167,-112.2833,18.66,31,100,4.96,Santa Rosalía,1679964009
313,pitimbu,-7.4706,-34.8086,26.33,74,87,3.63,Pitimbu,1679964010
314,verkhoyansk,67.5447,133.385,-2.65,89,100,2.88,Verkhoyansk,1679964012
315,hami,42.8,93.45,11.89,18,51,3.32,Kumul,1679963949
316,dunedin,-45.8742,170.5036,8.78,66,56,5.36,Dunedin,1679964014
317,timizart,36.8,4.2667,8.66,80,0,2.46,Timizart,1679964017
318,saint-pierre,-21.3393,55.4781,22.82,60,0,3.6,Saint-Pierre,1679964018
319,launceston,-41.45,147.1667,13.8,94,75,4.63,Launceston,1679964017
320,comodoro rivadavia,-45.8667,-67.5,18.92,42,0,10.8,Comodoro Rivadavia,1679964021
321,poum,-20.2333,164.0167,27.07,78,100,7.42,Poum,1679964022
322,spearfish,44.4908,-103.8594,-0.51,63,100,0.0,Spearfish,1679964023
323,kirksville,40.1948,-92.5833,7.55,49,0,3.6,Kirksville,1679964025
324,plainview,40.7765,-73.4673,7.7,85,100,5.58,Plainview,1679964026
325,tura,25.5198,90.2201,20.59,77,55,1.59,Tura,1679964027
326,sitka,57.0531,-135.33,8.94,53,0,5.14,Sitka,1679964029
327,viedma,-40.8135,-62.9967,25.65,42,0,7.71,Viedma,1679963915
328,bubaque,11.2833,-15.8333,25.32,71,79,3.81,Bubaque,1679964032
329,valdez,1.2492,-78.9831,26.37,75,100,2.42,Valdez,1679964033
330,cassilandia,-19.1133,-51.7342,22.93,65,5,0.11,Cassilândia,1679964034
331,hof,50.3167,11.9167,-0.05,83,75,6.26,Hof,1679964036
332,mariel,22.9875,-82.7536,27.08,76,2,4.0,Mariel,1679964037
333,mareeba,-17.0,145.4333,29.69,59,5,2.54,Mareeba,1679964038
334,mount gambier,-37.8333,140.7667,17.27,64,77,1.77,Mount Gambier,1679964040
335,ambulu,-8.345,113.6058,26.21,81,100,1.11,Ambulu,1679964041
336,broome,42.2506,-75.833,5.25,88,100,4.12,Broome,1679963528
337,kapit,2.0167,112.9333,22.96,99,100,0.39,Kapit,1679964043
338,haines junction,60.7522,-137.5108,0.97,27,98,1.54,Haines Junction,1679964045
339,phanat nikhom,13.4458,101.1844,31.67,80,14,3.24,Phanat Nikhom,1679964046
340,yenagoa,4.9247,6.2642,25.09,89,100,1.68,Yenagoa,1679964047
341,oriximina,-1.7656,-55.8661,23.26,97,100,1.75,Oriximiná,1679964048
342,banda aceh,5.5577,95.3222,26.92,81,100,2.85,Banda Aceh,1679964050
343,mayumba,-3.432,10.6554,25.15,88,100,1.04,Mayumba,1679964051
344,luena,-11.7833,19.9167,14.59,98,98,1.82,Luena,1679964053
345,kieta,-6.2167,155.6333,29.86,71,100,2.99,Kieta,1679964054
346,presidente medici,-11.1753,-61.9014,22.9,95,100,0.67,Presidente Médici,1679964055
347,kyabe,9.4515,18.9449,28.67,21,100,2.12,Kyabé,1679964056
348,eskisehir,39.7767,30.5206,11.95,47,40,1.54,Eskişehir,1679964058
349,deder,9.3167,41.45,13.95,85,98,1.32,Deder,1679964059
350,olinda,-8.0089,-34.8553,27.85,65,40,3.6,Olinda,1679964060
351,omsukchan,62.5333,155.8,-9.36,72,0,3.58,Omsukchan,1679964062
352,esperance,-33.8667,121.9,18.05,54,42,4.48,Esperance,1679964063
353,masuda,34.6667,131.85,11.15,71,20,2.06,Masuda,1679964065
354,upata,8.0086,-62.3989,25.11,64,100,3.42,Upata,1679964066
355,belogorsk,50.9158,128.4611,4.96,51,4,5.16,Belogorsk,1679964067
356,coquimbo,-29.9533,-71.3436,16.85,94,100,2.06,Coquimbo,1679964069
357,ilorin,8.5,4.55,26.28,65,100,2.31,Ilorin,1679964070
358,tual,-5.6667,132.75,27.53,81,100,8.05,Tual,1679964071
359,krasnoarmeysk,51.0239,45.6969,5.99,91,1,2.82,Krasnoarmeysk,1679964073
360,san quintin,30.4833,-115.95,16.07,57,0,3.98,San Quintín,1679964074
361,airai,-8.9266,125.4092,20.73,74,98,1.16,Airai,1679964076
362,narsaq,60.9167,-46.05,0.12,76,4,4.01,Narsaq,1679964077
363,emba,48.8264,58.1442,8.81,49,7,4.89,Emba,1679964079
364,kavaratti,10.5669,72.642,27.2,72,37,6.19,Kavaratti,1679964080
365,tessalit,20.1986,1.0114,24.41,8,5,5.6,Tessalit,1679964082
366,honningsvag,70.9821,25.9704,-3.14,74,100,2.06,Honningsvåg,1679964083
367,katubao,5.8892,124.8294,28.99,73,99,0.71,Katubao,1679964084
368,vilhena,-12.7406,-60.1458,20.32,97,93,0.85,Vilhena,1679964086
369,beringovskiy,63.05,179.3167,-5.32,68,99,6.57,Beringovskiy,1679964087
370,sao joao dos patos,-6.495,-43.7022,22.08,96,95,0.92,São João dos Patos,1679964042
371,amahai,-3.3333,128.9167,29.29,68,99,1.84,Amahai,1679964091
372,cidreira,-30.1811,-50.2056,20.98,64,0,4.23,Cidreira,1679964092
373,banja luka,44.7758,17.1856,3.65,76,46,1.55,Banja Luka,1679964094
374,talnakh,69.4865,88.3972,-29.89,99,99,2.23,Talnakh,1679964095
375,tateyama,34.9833,139.8667,10.61,85,100,9.53,Tateyama,1679964096
376,bandarbeyla,9.4942,50.8122,26.88,80,80,2.12,Bandarbeyla,1679964098
377,hualmay,-11.0964,-77.6139,24.4,75,100,3.43,Hualmay,1679964099
378,hannibal,39.7084,-91.3585,9.53,40,0,0.0,Hannibal,1679964100
379,naze,28.3667,129.4833,18.51,62,99,5.51,Naze,1679964102
380,los llanos de aridane,28.6585,-17.9182,17.86,56,0,3.6,Los Llanos de Aridane,1679963513
381,podor,16.6527,-14.9587,27.97,36,0,1.03,Podor,1679964104
382,jishou,28.3167,109.7167,10.02,86,100,0.24,Jishou,1679964105
383,khasan,42.4308,130.6434,5.6,55,100,1.33,Khasan,1679964107
384,anacortes,48.5126,-122.6127,14.39,63,40,6.69,Anacortes,1679963880
385,alta floresta,-9.8756,-56.0861,21.76,96,87,0.43,Alta Floresta,1679964109
386,faya,18.3851,42.4509,12.06,84,86,0.87,Faya,1679964110
387,albert,50.0009,2.651,2.29,80,0,2.57,Albert,1679964112
388,madarounfa,13.3087,7.156,23.5,16,16,4.16,Madarounfa,1679964113
389,havre-saint-pierre,50.2334,-63.5986,0.0,93,100,2.57,Havre-St-Pierre,1679964114
390,hovd,48.0056,91.6419,2.2,33,16,1.12,Khovd,1679964116
391,great yarmouth,52.6083,1.7305,2.5,77,82,5.22,Great Yarmouth,1679963918
392,kalka,30.8344,76.9333,15.57,64,100,2.14,Kālka,1679964118
393,kualakapuas,-3.0091,114.3876,22.79,98,100,1.97,Kualakapuas,1679964120
394,bayan,46.0833,127.4,6.18,23,0,2.81,Bayan,1679964121
395,chissamba,-12.1667,17.3333,15.49,96,99,1.14,Chissamba,1679964122
396,jurado,7.1053,-77.7641,25.18,90,90,1.03,Juradó,1679964126
397,lima,-12.0432,-77.0282,25.5,75,0,6.17,Lima,1679963831
398,opuwo,-18.0607,13.84,20.08,81,100,2.0,Opuwo,1679964128
399,severo-kurilsk,50.6789,156.125,0.12,89,100,10.63,Severo-Kuril'sk,1679964130
400,nhulunbuy,-12.2333,136.7667,30.34,70,40,5.66,Nhulunbuy,1679964131
401,linfen,36.0889,111.5189,15.63,28,98,1.39,Linfen,1679964133
402,palmerston,-12.486,130.9833,26.69,94,75,0.51,Palmerston,1679964134
403,baracoa,20.3467,-74.4958,23.91,87,9,3.23,Baracoa,1679964135
404,jingdezhen,29.2947,117.2079,13.02,76,99,1.01,Jingdezhen,1679964137
405,namatanai,-3.6667,152.4333,29.4,66,100,1.07,Namatanai,1679964138
406,ahuimanu,21.4447,-157.8378,28.84,76,40,4.63,‘Āhuimanu,1679964140
407,de-kastri,51.4667,140.7833,1.3,70,61,2.19,De-Kastri,1679964141
408,mezen,65.8522,44.24,-22.08,100,100,1.22,Mezen',1679964143
409,itarema,-2.9248,-39.9167,24.43,87,92,1.14,Itarema,1679964144
410,tahta,26.7693,31.5021,18.35,18,0,2.35,Ţahţā,1679964145
411,bilibino,68.0546,166.4372,-17.1,78,30,1.37,Bilibino,1679964146
412,bonthe,7.5264,-12.505,25.4,83,100,2.14,Bonthe,1679964148
413,turukhansk,65.8167,87.9833,-26.43,98,24,2.25,Turukhansk,1679964149
414,herat,34.5,62.0,15.79,42,100,2.09,Herat Province,1679964151
415,skibbereen,51.55,-9.2667,9.5,90,100,11.9,Skibbereen,1679964153
416,grindavik,63.8424,-22.4338,-1.74,64,75,5.66,Grindavik,1679964154
417,baykit,61.67,96.37,-10.42,85,100,7.3,Baykit,1679964155
418,lardos,36.0942,28.0157,16.64,85,36,5.48,Lárdos,1679964157
419,hervey bay,-25.2986,152.8535,26.15,67,95,2.37,Hervey Bay,1679964158
420,el campo,29.1966,-96.2697,24.93,94,100,4.12,El Campo,1679964159
421,zhigansk,66.7697,123.3711,-12.24,90,97,9.78,Zhigansk,1679964161
422,areka,7.0667,37.7,17.28,84,98,0.77,Āreka,1679964162
423,berlevag,70.8578,29.0864,-3.0,93,100,6.69,Berlevåg,1679964163
424,ieud,47.678,24.234,1.44,98,100,3.33,Ieud,1679964165
425,praya,14.9215,-23.5087,23.3,68,0,2.06,Praia,1679964167
426,santa marta,11.2408,-74.199,29.03,65,20,9.83,Santa Marta,1679963929
427,shangrao,28.4532,117.9686,11.61,86,100,2.58,Shangrao,1679964169
428,miles city,46.4083,-105.8406,1.54,55,0,5.14,Miles City,1679964170
429,sharjah,25.3573,55.4033,24.99,83,75,3.6,Sharjah city,1679964172
430,yarkovo,57.4028,67.0786,4.01,80,83,6.03,Yarkovo,1679964173
431,kuusamo,65.9667,29.1833,-14.98,92,0,0.51,Kuusamo,1679964174
432,nishihara,26.1842,127.7558,18.6,60,75,4.63,Nishihara,1679964176
433,grand gaube,-20.0064,57.6608,24.1,80,0,1.34,Grand Gaube,1679964177
434,sisimiut,66.9395,-53.6735,-15.3,75,0,3.73,Sisimiut,1679964178
435,marawi,7.9986,124.2928,24.24,81,90,1.38,Marawi,1679964180
436,djambala,-2.5447,14.7533,19.68,95,100,0.45,Djambala,1679964181
437,nchelenge,-9.3451,28.734,19.44,95,100,3.98,Nchelenge,1679964182
438,entre rios,-11.9419,-38.0844,21.14,90,17,0.79,Entre Rios,1679964184
439,altay,47.8667,88.1167,1.47,63,100,2.31,Altay,1679964185
440,atherton,53.5237,-2.4935,6.53,68,100,1.34,Atherton,1679964187
441,lompoc,34.6391,-120.4579,16.55,64,75,4.47,Lompoc,1679964188
442,fuling,29.7022,107.3919,11.75,90,100,0.51,Fuling,1679964190
443,bella vista,36.4295,-94.2316,14.29,39,0,4.12,Bella Vista,1679964191
444,trincomalee,8.5711,81.2335,25.61,78,43,3.53,Trincomalee,1679964192
445,la ronge,55.1001,-105.2842,-10.86,34,75,4.63,La Ronge,1679964194
446,tabuk,17.4189,121.4443,26.95,72,13,0.94,Tabuk,1679964195
447,nalhati,24.3,87.8167,26.16,28,51,1.13,Nalhāti,1679964197
448,abashiri,44.0213,144.2697,6.16,49,0,4.63,Abashiri,1679964198
449,myaundzha,63.0494,147.1858,-14.69,84,40,1.43,Myaundzha,1679964199
450,mocuba,-16.8392,36.9856,20.88,99,100,1.25,Mocuba,1679964201
451,kuala terengganu,5.3302,103.1408,25.97,94,20,2.06,Kuala Terengganu,1679964202
452,amga,60.8953,131.9608,-2.76,96,100,5.45,Amga,1679964204
453,koumac,-20.5667,164.2833,28.0,72,100,5.69,Koumac,1679964206
454,forssa,60.8146,23.6215,-1.85,95,100,4.07,Forssa,1679964207
455,wuda,39.4994,106.7117,11.52,10,100,0.44,Wuda,1679964208
456,marzuq,14.4,46.4667,24.71,48,100,0.87,Marzuq,1679964210
457,caravelas,-17.7125,-39.2481,24.29,84,10,2.15,Caravelas,1679964211
458,chapadinha,-3.7417,-43.3603,22.69,99,100,1.06,Chapadinha,1679964213
459,porosozero,62.7191,32.727,-8.97,92,100,4.26,Porosozero,1679964214
460,grand-lahou,5.1367,-5.0242,26.1,87,100,2.46,Grand-Lahou,1679964215
461,orlik,52.5178,99.825,-4.69,87,84,1.22,Orlik,1679964217
462,creel,27.75,-107.6333,11.13,33,100,2.96,Creel,1679964218
463,beloha,-25.1667,45.05,21.18,57,84,4.54,Beloha,1679964220
464,saint-augustin,51.226,-58.6502,1.23,84,100,4.05,Saint-Augustin,1679964221
465,kjollefjord,70.9457,27.3465,-2.97,59,100,5.14,Kjøllefjord,1679964222
466,lavrentiya,65.5833,-171.0,-15.76,77,6,4.23,Lavrentiya,1679964224
467,awassa,7.05,38.4667,16.81,82,99,1.55,Awasa,1679964225
468,andenes,69.3143,16.1194,-5.04,67,3,3.09,Andenes,1679964226
469,zhanaozen,43.3,52.8,14.07,46,100,4.82,Zhangaözen,1679964228
470,yarmouth,41.7057,-70.2286,8.41,67,100,2.06,Yarmouth,1679964229
471,seminole,28.7086,-81.2081,30.2,58,40,5.14,Seminole,1679963968
472,acapulco,16.8634,-99.8901,28.9,61,0,3.09,Acapulco de Juárez,1679964135
473,santa rosa,14.3122,121.1114,29.5,64,98,3.92,Santa Rosa,1679964233
474,tigzirt,36.8886,4.1198,11.66,77,0,3.15,Tigzirt,1679964234
475,gornopravdinsk,60.05,69.9,4.32,96,100,4.83,Gornopravdinsk,1679964235
476,olafsvik,64.8945,-23.7142,-1.16,67,65,5.67,Olafsvik,1679964236
477,jiangyou,31.7667,104.7167,12.87,82,100,0.39,Jiangyou,1679964238
478,vera cruz,-12.6333,-41.0333,21.76,91,89,0.69,Vera Cruz,1679964240
479,barahona,18.2085,-71.1008,23.73,70,0,2.74,Santa Cruz de Barahona,1679964241
480,burgeo,47.6167,-57.6152,1.18,85,100,3.74,Burgeo,1679964242
481,houma,29.5958,-90.7195,25.0,85,0,2.06,Houma,1679964107
482,dickinson,29.4608,-95.0513,24.44,86,100,3.09,Dickinson,1679964245
483,sawtell,-30.3833,153.1,28.01,54,45,3.09,Sawtell,1679964246
484,panacan,9.2463,118.4082,29.3,66,65,5.91,Panacan,1679964248
485,vila velha,-20.3297,-40.2925,26.97,83,100,1.54,Vila Velha,1679964249
486,suntar,62.1444,117.6319,0.49,92,100,4.06,Suntar,1679964250
487,zyryanovsk,49.7386,84.2719,-0.95,97,100,0.5,Zyryanovsk,1679964252
488,coihaique,-45.5752,-72.0662,7.97,53,0,3.09,Coyhaique,1679964235
489,xichang,27.8964,102.2634,10.81,81,99,1.59,Xichang,1679964255
490,gombe,10.2897,11.1673,25.01,17,92,4.2,Gombe,1679964256
491,bucerias,20.75,-105.3333,24.99,61,0,4.63,Bucerías,1679964257
492,paita,-5.0892,-81.1144,27.22,74,100,4.19,Paita,1679964259
493,saint-leu,-21.15,55.2833,22.48,77,8,0.11,Saint-Leu,1679964099
494,manaus,-3.1019,-60.025,25.27,88,75,5.14,Manaus,1679964262
495,shenjiamen,29.9576,122.298,11.04,65,0,2.8,Shenjiamen,1679964263
496,dir,35.2058,71.8756,9.53,63,74,2.96,Dīr,1679964264
497,luderitz,-26.6481,15.1594,15.93,89,7,1.27,Lüderitz,1679964211
498,skogn,63.7,11.2,-9.27,88,8,1.81,Skogn,1679964267
499,buala,-8.145,159.5921,29.81,69,100,4.79,Buala,1679964269
500,molepolole,-24.4066,25.4951,16.02,85,34,5.78,Molepolole,1679964270
501,yerbogachen,61.2767,108.0108,-0.47,96,100,4.9,Yerbogachën,1679964272
502,satis,54.9229,43.2298,2.83,93,11,2.23,Satis,1679964273
503,fairbanks,64.8378,-147.7164,4.19,60,100,2.06,Fairbanks,1679964000
504,bilma,18.6853,12.9164,22.61,17,1,2.15,Bilma,1679964276
505,mulege,26.8833,-111.9833,19.05,35,100,5.55,Mulegé,1679964277
506,youghal,51.95,-7.8506,8.56,100,100,9.08,Youghal,1679964278
507,biu,10.6129,12.1946,22.42,18,73,2.76,Biu,1679964279
508,asfi,32.2994,-9.2372,16.07,63,0,5.58,Safi,1679964281
509,sarkand,45.41,79.9186,5.27,40,0,2.3,Sarkand,1679964081
510,lasa,46.6166,10.7002,0.49,94,85,3.18,Laas,1679964283
511,yatou,37.15,122.3833,10.07,53,0,2.9,Yatou,1679964284
512,athabasca,54.7169,-113.2854,-5.77,70,85,3.23,Athabasca,1679964286
513,imola,44.3523,11.7158,10.79,84,12,0.57,Imola,1679964287
514,santo tomas,14.1079,121.1414,28.14,63,100,3.39,Santo Tomas,1679964288
515,morant bay,17.8815,-76.4093,27.79,82,4,4.03,Morant Bay,1679964289
516,lerwick,60.1545,-1.1494,5.0,90,100,6.77,Lerwick,1679964291
517,sivas,39.7916,37.0019,3.35,87,0,4.63,Sivas Province,1679964292
518,soddy-daisy,35.2359,-85.1908,20.85,78,5,2.3,Soddy-Daisy,1679964294
519,grajau,-5.8194,-46.1386,22.76,96,74,0.86,Grajaú,1679964295
520,north bend,43.4065,-124.2243,5.51,93,100,4.63,North Bend,1679964296
521,abha,18.2164,42.5053,11.9,87,0,2.06,Abhā,1679964297
522,zhaotong,27.3167,103.7167,4.74,93,100,2.52,Zhaotong,1679964299
523,lazaro cardenas,17.9583,-102.2,24.61,69,100,2.74,Lázaro Cárdenas,1679964300
524,cananea,30.95,-110.3,16.51,17,85,3.24,Cananea,1679964301
525,ostrovnoy,68.0531,39.5131,-9.07,83,99,3.57,Ostrovnoy,1679964303
526,pochutla,15.7432,-96.4661,29.9,68,0,1.39,Pochutla,1679964304
527,lumut,4.2323,100.6298,25.01,88,20,1.03,Lumut,1679964305
528,metkovic,43.0542,17.6483,9.26,60,62,4.07,Metković,1679964307
529,santa cecilia,-26.9608,-50.4269,13.01,99,22,1.95,Santa Cecília,1679964204
530,wahiawa,21.5028,-158.0236,27.18,76,100,3.6,Wahiawā,1679964309
531,benjamin constant,-4.3831,-70.0311,25.07,96,36,0.79,Benjamin Constant,1679964311
532,norman wells,65.282,-126.8329,-2.98,59,100,3.6,Norman Wells,1679964312
533,port blair,11.6667,92.75,25.02,88,40,1.03,Port Blair,1679964313
534,waipawa,-41.4122,175.5153,12.06,86,86,9.37,Waipawa,1679964314
535,springdale,36.1867,-94.1288,13.85,44,0,4.12,Springdale,1679964176
536,kaeo,-35.1,173.7833,23.51,74,100,4.28,Kaeo,1679964317
537,areosa,41.7178,-8.8571,12.46,65,65,2.51,Areosa,1679964318
538,college,64.8569,-147.8028,4.18,62,100,2.06,College,1679964320
539,bosaso,11.2842,49.1816,28.35,69,28,2.98,Bosaso,1679964321
540,arequipa,-16.3989,-71.535,15.04,82,40,1.54,Arequipa,1679964246
541,san pedro de macoris,18.4616,-69.2972,26.07,76,0,4.1,San Pedro de Macorís,1679964324
542,bira,49.0,132.4667,5.06,52,91,1.24,Bira,1679964325
543,belyy yar,53.6039,91.3903,5.94,72,0,5.0,Belyy Yar,1679964326
544,wewak,-3.5534,143.6268,29.59,65,29,1.4,Wewak,1679964328
545,ruy barbosa,-12.2839,-40.4939,22.44,78,97,1.67,Ruy Barbosa,1679964329
546,zhovtneve,50.6637,24.2492,-1.05,83,100,9.01,Blahodatne,1679964331
547,xintai,35.9006,117.7519,14.46,26,95,2.11,Xintai,1679964332
548,erzin,36.9559,36.2,13.43,93,71,1.38,Erzin,1679964334
549,lakes entrance,-37.8811,147.981,21.76,73,79,0.17,Lakes Entrance,1679964335
550,rio formoso,-8.6636,-35.1586,24.83,84,21,1.45,Rio Formoso,1679964337
551,sao felix do xingu,-6.6447,-51.995,22.4,97,99,0.23,São Félix do Xingu,1679964338
552,homer,59.6425,-151.5483,5.98,74,40,5.66,Homer,1679964153
553,manzhouli,49.6,117.4333,3.98,57,1,3.4,Manzhouli,1679964340
554,jardim,-21.4803,-56.1381,24.28,83,50,1.12,Jardim,1679964342
555,fort myers beach,26.452,-81.9481,26.04,88,17,0.89,Fort Myers Beach,1679964229
556,ciudad bolivar,8.1222,-63.5497,29.96,41,100,6.97,Ciudad Bolivar,1679964344
557,hudson bay,52.85,-102.3842,-14.2,87,89,1.93,Hudson Bay,1679964346
558,veraval,20.9,70.3667,22.73,74,29,4.76,Verāval,1679964347
559,san ramon,37.7799,-121.978,17.12,48,0,7.2,San Ramon,1679964171
560,nouadhibou,20.931,-17.0347,24.99,41,56,6.69,Nouadhibou,1679964349
561,calabozo,8.9242,-67.4293,29.77,33,65,3.01,Calabozo,1679964351
562,bukama,-9.2,25.85,19.1,98,100,1.2,Bukama,1679964352
563,guapore,-28.8456,-51.8903,14.09,91,0,0.98,Guaporé,1679964353
564,manavalakurichi,8.1333,77.3,25.37,79,14,4.09,Manavālakurichi,1679964355
565,linxia,35.6003,103.2064,7.34,42,100,1.06,Linxia Chengguanzhen,1679964356
566,ramsar,36.9226,50.6426,14.69,77,75,1.03,Ramsar,1679964357
567,iberia,29.9502,-91.7507,26.0,73,100,3.6,Iberia,1679964359
568,san cristobal,7.7669,-72.225,22.1,68,98,0.29,San Cristobal,1679964360
569,atar,20.5169,-13.0499,26.76,9,8,2.13,Atar,1679964361
570,immokalee,26.4187,-81.4173,26.97,72,33,3.38,Immokalee,1679964363
571,eureka,40.8021,-124.1637,10.34,76,100,8.51,Eureka,1679964364
572,blythe,33.6103,-114.5964,20.02,8,38,5.36,Blythe,1679964365
573,port antonio,18.18,-76.4612,27.95,81,1,4.48,Port Antonio,1679964408
574,aksarka,66.5606,67.7975,-27.06,100,98,2.55,Aksarka,1679964409
575,edenderry,53.3453,-7.0497,8.25,87,100,6.31,Edenderry,1679964410
576,lagoa,39.05,-27.9833,15.32,76,99,12.83,Lagoa,1679964412
577,kupang,-10.1667,123.5833,29.32,79,20,3.6,Kupang,1679964413
578,hobyo,5.3505,48.5268,28.19,73,62,5.15,Hobyo,1679964415
579,sao gabriel,-30.3364,-54.32,18.57,53,0,4.17,São Gabriel,1679964416
580,balkanabat,39.5108,54.3671,18.54,55,100,2.67,Balkanabat,1679964417
581,sola,-13.8833,167.55,31.37,74,75,2.06,Sola,1679964418
582,meulaboh,4.1363,96.1285,25.48,88,90,2.9,Meulaboh,1679964420
583,prince rupert,54.3161,-130.3201,11.05,40,0,8.75,Prince Rupert,1679964151
584,pontes e lacerda,-15.2261,-59.3353,22.31,93,29,1.07,Pontes e Lacerda,1679964422
585,cap-aux-meules,47.3821,-61.8597,-0.97,93,75,3.09,Cap-aux-Meules,1679964424
